round_epochs,val_loss,val_accuracy,loss,accuracy,batch_size,epochs
25,2.9644611953205517,0.5687223076820374,0.016657169547261992,0.9918094,10,25
50,2.8643401719191317,0.577186644077301,0.015475593831317755,0.99201417,10,50
25,2.5254867742831357,0.5715437531471252,0.017500044568887922,0.99146813,20,25
50,2.706869945656816,0.5715437531471252,0.015520256147440651,0.99153644,20,50
25,2.4329849885193298,0.573559045791626,0.01983583440650984,0.99167293,30,25
50,2.657629499124068,0.5656993389129639,0.015752401406589844,0.9912634,30,50
